{"cameraMode":{"drawMode":0,"name":"Shaded","section":"Shading Mode"},"sceneLighting":true,"audioPlay":false,"sceneViewState":{"showFog":true,"showMaterialUpdate":false,"showSkybox":true,"showFlares":true,"showImageEffects":true,"showParticleSystems":true},"in2DMode":false,"pivot":{"x":1.4258697032928467,"y":1.359479308128357,"z":-2.3773293495178224},"rotation":{"x":-0.13041001558303834,"y":-0.020226912572979928,"z":0.0026613001246005298,"w":-0.9912528395652771},"size":112.46346282958985,"orthographic":false}